<?xml version="1.0"?>
<faces-config xmlns="http://java.sun.com/xml/ns/javaee" 
   xmlns:xsi="http://www.w3.org/2001/XMLSchema-instance"
   xsi:schemaLocation="http://java.sun.com/xml/ns/javaee 
      http://java.sun.com/xml/ns/javaee/web-facesconfig_2_0.xsd"
   version="2.0">
   
   <navigation-rule>
    	<from-view-id>/*</from-view-id>
    	<navigation-case>
    		<from-outcome>confirmation</from-outcome>
    		<to-view-id>/confirmation.jsp</to-view-id>
    	</navigation-case>
    	<navigation-case>
    		<from-outcome>home</from-outcome>
    		<to-view-id>/home.jsp</to-view-id>
    	</navigation-case>
    	<navigation-case>
    		<from-outcome>index</from-outcome>
    		<to-view-id>/index.jsp</to-view-id>
    	</navigation-case>
    	<navigation-case>
    		<from-outcome>livraison</from-outcome>
    		<to-view-id>/livraison.jsp</to-view-id>
    	</navigation-case>
    	<navigation-case>
    		<from-outcome>paiement</from-outcome>
    		<to-view-id>/paiement.jsp</to-view-id>
    	</navigation-case>
    	<navigation-case>
    		<from-outcome>panier</from-outcome>
    		<to-view-id>/panier.jsp</to-view-id>
    	</navigation-case>
    </navigation-rule>

</faces-config>
